{
  "step_qonnx_to_finn": 0.0001697540283203125,
  "step_tidy_up": 0.07805395126342773,
  "step_streamline": 1.3643691539764404,
  "step_convert_to_hls": 0.6161749362945557,
  "step_create_dataflow_partition": 0.00429081916809082,
  "step_target_fps_parallelization": 0.009668588638305664,
  "step_apply_folding_config": 5.245208740234375e-06,
  "step_generate_estimate_reports": 0.014180660247802734
}